Paking full set Honda Grand;42;0
Paking full set Honda Win;42;0
Paking full set Yamaha Alfa;42;0
Paking full set Yamaha Force 1;42;0
Paking full set Suzuki Bravo RC;42;0
Paking full set Honda Supra;42;0
Paking full set Honda 800;42;0
Paking full set Honda GL 100;42;0
Paking full set Yamaha RX 100;42;0
Spie Magnet Motor Honda Grand;10;0
Spie Magnet Motor Honda GL;10;0
Spie Magnet Motor Honda Win;10;0
Spie Magnet Motor Honda Supra;10;0
Spie Magnet Motor Honda C.800;10;0
Spie Magnet Motor Yamaha Alfa;10;0
Spie Magnet Motor Yamaha Force 1;10;0
Spie Magnet Motor Suzuki RC 100;10;0
CDI Honda Grand;10;0
CDI Honda Supra;10;0
CDI Honda Win;10;0
CDI Honda C.800;10;0
CDI Yamaha Alfa ;10;0
CDI Yamaha Force 1;10;0
CDI Suzuki RC 100;10;0
Spull Honda Grand;10;0
Spull Honda Win;10;0
Spull Honda C.800;10;0
Spull Honda Supra;10;0
Spull Yamaha Alfa;10;0
Spull Yamaha Force 1;10;0
Spull Suzuki RC 100;10;0
Coil Honda Grand;10;0
Coil Honda Win;10;0
Coil Honda C.800;10;0
Coil Honda GL;10;0
Coil Honda Supra;10;0
Coil Yamaha Alfa;10;0
Coil Yamaha Force 1;10;0
Coil Suzuki RC 100;10;0
Busi Motor 4 Tak;10;0
Busi Motor 2 Tak;10;0
Baut Mur Blok Mesin JP 6x5, JP 6x6, JP 6x7, JP 6x8, JP 6x10, JP 6x12;10;0
Membran Harmonika Baja Suzuki RC 100;10;0
Membran Harmonika Baja Yamaha Force 1;10;0
Membran Harmonika Baja Yamaha Alfa;10;0
Membran Harmonika Baja Yamaha RX 100;10;0
Platina Honda GL 100;10;0
Platina Yamaha RX 100;10;0
Sil Klep Honda GL, WIN Grand, Supra, C.800;42;0
Kick Starter Honda Grand;10;0
Kick Starter Honda Win;10;0
Kick Starter Honda C.800;10;0
Kick Starter Honda Supra;10;0
Kick Starter Honda GL;10;0
Kick Starter Yamaha Alfa;10;0
Kick Starter Yamaha Force 1;10;0
Kick Starter Yamaha RX 100;10;0
Kick Starter Suzuki RC 100;10;0
Kabel Gas Kit Yamaha Alfa;10;0
Kabel Gas Kit Yamaha Force 1;10;0
Kabel Gas Kit Yamaha RX 100;10;0
Kabel Gas Kit Suzuki RC 100;10;0
Kabel Gas Kit Honda GL 100;10;0
Kabel Gas Kit Honda Supra;10;0
Kabel Gas Kit Honda Grand;10;0
Kabel Gas Kit Honda Win;10;0
Baut Starter/slah hitam;10;0
Rantai Mesin Honda Grand;10;0
Rantai Mesin Honda Win;10;0
Rantai Mesin Honda Supra;10;0
Rantai Mesin Honda 800;10;0
Rantai Mesin Honda GL 100;10;0
Baterai / ACCU 12 volt Merk Yuasa;10;0
Air ACCU suling;12;0
Kabelkelistrikan body (kabel rambu);6;0
Repair Kit Karburator Honda Grand;42;0
Repair Kit Karburator Honda Win;42;0
Repair Kit Karburator Honda C.800;42;0
Repair Kit Karburator Honda GL 100;42;0
Repair Kit Karburator Honda Supra;42;0
Repair Kit Karburator Yamaha Alfa ;42;0
Repair Kit Karburator Yamaha Force 1;42;0
Repair Kit Karburator Suzuki RC 100;42;0
Repair Kit Karburator Yamaha RX 100;42;0
Pedal Presneling Honda Grand;10;0
Pedal Presneling Honda Win;10;0
Pedal Presneling Honda C.800;10;0
Pedal Presneling Honda GL 100;10;0
Pedal Presneling Honda Supra;10;0
Pedal Presneling Yamaha Alfa;10;0
Pedal Presneling Yamaha Force 1;10;0
Pedal Presneling Suzuki RC 100;10;0
Pedal Presneling Yamaha RX 100;10;0
Fulserr Pengapian;10;0
As Presneling Honda Grand;10;0
As Presneling Honda Win;10;0
As Presneling Honda C.800;10;0
As Presneling Honda GL 100;10;0
As Presneling Honda Supra;10;0
As Presneling Yamaha Alfa;10;0
As Presneling Yamaha Force 1;10;0
As Presneling Suzuki RC 100;10;0
As Presneling Yamaha RX 100;10;0
As Presneling Lem Tribon;10;0
As Presneling Kertas Amplas No 240;41;0
As Presneling Baut Presneling baja;10;0
AS Starter Honda Grand;10;0
AS Starter Honda Win;10;0
AS Starter Yamaha Force 1;10;0
AS Starter Honda Supra;10;0
AS Starter Yamaha Alfa;10;0
Kampas Kopling Honda Grand;42;0
Kampas Kopling Honda Win;42;0
Kampas Kopling Honda Supra;42;0
Kampas Kopling Yamaha Alfa;42;0
Kampas Kopling Yamaha Force 1;42;0
Kampas Kopling Otomatis Honda Grand;10;0
Kampas Kopling Otomatis Honda Win;10;0
Kampas Kopling Otomatis Yamaha Alfa;10;0
Kampas Kopling Otomatis Yamaha Force 1;10;0
